task,model,dataset,condition,n_speakers,count,mean_si_sdr_in,mean_si_sdr_out,mean_delta_si_sdr,mean_sdr,mean_sir,mean_sar,mean_pesq,selection_accuracy,mean_oracle_delta_si_sdr
target_extraction,AttentionTSE,mixed,-5.0,2,149,-8.889,0.000,8.889,,,,,,
target_extraction,AttentionTSE,mixed,-5.0,3,149,-10.692,0.000,10.692,,,,,,
target_extraction,AttentionTSE,mixed,-5.0,4,142,-12.084,0.000,12.084,,,,,,
target_extraction,AttentionTSE,mixed,0.0,2,162,-4.845,-0.020,4.826,,,,,,
target_extraction,AttentionTSE,mixed,0.0,3,135,-7.211,-0.073,7.138,,,,,,
target_extraction,AttentionTSE,mixed,0.0,4,156,-8.563,-0.037,8.526,,,,,,
target_extraction,AttentionTSE,mixed,5.0,2,138,-2.181,-0.016,2.165,,,,,,
target_extraction,AttentionTSE,mixed,5.0,3,162,-4.608,0.000,4.608,,,,,,
target_extraction,AttentionTSE,mixed,5.0,4,153,-6.450,0.000,6.450,,,,,,
target_extraction,AttentionTSE,mixed,clean,2,151,-0.265,-0.042,0.223,,,,,,
target_extraction,AttentionTSE,mixed,clean,3,142,-3.353,0.000,3.353,,,,,,
target_extraction,AttentionTSE,mixed,clean,4,153,-5.196,0.000,5.196,,,,,,
target_extraction,SpEx+,mixed,-5.0,2,149,-8.889,-6.790,2.099,,,,,,
target_extraction,SpEx+,mixed,-5.0,3,149,-10.692,-8.758,1.933,,,,,,
target_extraction,SpEx+,mixed,-5.0,4,142,-12.084,-10.619,1.465,,,,,,
target_extraction,SpEx+,mixed,0.0,2,162,-4.845,-3.706,1.139,,,,,,
target_extraction,SpEx+,mixed,0.0,3,135,-7.211,-6.247,0.964,,,,,,
target_extraction,SpEx+,mixed,0.0,4,156,-8.563,-7.651,0.912,,,,,,
target_extraction,SpEx+,mixed,5.0,2,138,-2.181,-1.857,0.324,,,,,,
target_extraction,SpEx+,mixed,5.0,3,162,-4.608,-4.195,0.413,,,,,,
target_extraction,SpEx+,mixed,5.0,4,153,-6.450,-6.024,0.426,,,,,,
target_extraction,SpEx+,mixed,clean,2,151,-0.265,-0.149,0.116,,,,,,
target_extraction,SpEx+,mixed,clean,3,142,-3.353,-3.284,0.069,,,,,,
target_extraction,SpEx+,mixed,clean,4,153,-5.196,-5.084,0.112,,,,,,
target_extraction,WeSep-BSRNN(预训练),mixed,-5.0,2,149,-8.889,-1.842,7.047,,,,,,
target_extraction,WeSep-BSRNN(预训练),mixed,-5.0,3,149,-10.692,-6.428,4.264,,,,,,
target_extraction,WeSep-BSRNN(预训练),mixed,-5.0,4,142,-12.084,-8.719,3.365,,,,,,
target_extraction,WeSep-BSRNN(预训练),mixed,0.0,2,162,-4.845,1.306,6.151,,,,,,
target_extraction,WeSep-BSRNN(预训练),mixed,0.0,3,135,-7.211,-3.699,3.511,,,,,,
target_extraction,WeSep-BSRNN(预训练),mixed,0.0,4,156,-8.563,-5.407,3.156,,,,,,
target_extraction,WeSep-BSRNN(预训练),mixed,5.0,2,138,-2.181,5.828,8.009,,,,,,
target_extraction,WeSep-BSRNN(预训练),mixed,5.0,3,162,-4.608,-0.361,4.247,,,,,,
target_extraction,WeSep-BSRNN(预训练),mixed,5.0,4,153,-6.450,-3.803,2.647,,,,,,
target_extraction,WeSep-BSRNN(预训练),mixed,clean,2,151,-0.265,12.636,12.901,,,,,,
target_extraction,WeSep-BSRNN(预训练),mixed,clean,3,142,-3.353,1.823,5.175,,,,,,
target_extraction,WeSep-BSRNN(预训练),mixed,clean,4,153,-5.196,-1.762,3.435,,,,,,
target_extraction,WeSep-BSRNN(微调),mixed,-5.0,2,149,-8.889,7.395,16.284,,,,,,
target_extraction,WeSep-BSRNN(微调),mixed,-5.0,3,149,-10.692,3.263,13.954,,,,,,
target_extraction,WeSep-BSRNN(微调),mixed,-5.0,4,142,-12.084,-1.061,11.023,,,,,,
target_extraction,WeSep-BSRNN(微调),mixed,0.0,2,162,-4.845,7.954,12.800,,,,,,
target_extraction,WeSep-BSRNN(微调),mixed,0.0,3,135,-7.211,4.114,11.325,,,,,,
target_extraction,WeSep-BSRNN(微调),mixed,0.0,4,156,-8.563,1.491,10.054,,,,,,
target_extraction,WeSep-BSRNN(微调),mixed,5.0,2,138,-2.181,10.117,12.299,,,,,,
target_extraction,WeSep-BSRNN(微调),mixed,5.0,3,162,-4.608,5.986,10.594,,,,,,
target_extraction,WeSep-BSRNN(微调),mixed,5.0,4,153,-6.450,2.210,8.660,,,,,,
target_extraction,WeSep-BSRNN(微调),mixed,clean,2,151,-0.265,12.689,12.954,,,,,,
target_extraction,WeSep-BSRNN(微调),mixed,clean,3,142,-3.353,7.669,11.021,,,,,,
target_extraction,WeSep-BSRNN(微调),mixed,clean,4,153,-5.196,3.562,8.758,,,,,,
target_extraction,Oracle+MossFormer2,mixed,-5.0,2,149,-8.889,4.092,12.981,,,,,1.000,12.981
target_extraction,Oracle+MossFormer2,mixed,-5.0,3,149,-10.692,-2.450,8.242,,,,,1.000,8.242
target_extraction,Oracle+MossFormer2,mixed,-5.0,4,142,-12.084,-5.508,6.576,,,,,1.000,6.576
target_extraction,Oracle+MossFormer2,mixed,0.0,2,162,-4.845,5.724,10.570,,,,,1.000,10.570
target_extraction,Oracle+MossFormer2,mixed,0.0,3,135,-7.211,-1.511,5.700,,,,,1.000,5.700
target_extraction,Oracle+MossFormer2,mixed,0.0,4,156,-8.563,-4.054,4.509,,,,,1.000,4.509
target_extraction,Oracle+MossFormer2,mixed,5.0,2,138,-2.181,6.683,8.864,,,,,1.000,8.864
target_extraction,Oracle+MossFormer2,mixed,5.0,3,162,-4.608,0.734,5.342,,,,,1.000,5.342
target_extraction,Oracle+MossFormer2,mixed,5.0,4,153,-6.450,-3.828,2.622,,,,,1.000,2.622
target_extraction,Oracle+MossFormer2,mixed,clean,2,151,-0.265,9.308,9.573,,,,,1.000,9.573
target_extraction,Oracle+MossFormer2,mixed,clean,3,142,-3.353,-1.085,2.267,,,,,1.000,2.267
target_extraction,Oracle+MossFormer2,mixed,clean,4,153,-5.196,-3.986,1.210,,,,,1.000,1.210
